Title,Author,Year,Status,DueDate
The Great Expectations ,C Dickens,1861,Available,
Pride and Prejudice,J Austen,1813,Borrowed,10 May 2025
The Hound of the Baskervilles ,A C Doyle,1902,Available,
The Da Vinci Code,D Brown,2003,Borrowed,20-04-2025
 The Alchemist,P Coelho,1988,Available,
Harry Potter and the Sorcerer's Stone,J K Rowling,1997,Borrowed,01-03-2025
1984,G Orwell,1949,Available,
Animal Farm,G Orwell,1945,Borrowed,15-05-2025
The Wind in the Willows,K Grahame,1908,Available,
Through the Looking-Glass,L Carroll,1871,Borrowed,01-06-2025
Alice's Adventures in Wonderland,L Carroll,1865,Available,
The Hobbit,J R R Tolkien,1937,Borrowed,15-01-2025
The Picture of Dorian Gray,O White,1890,Available,
The Hitchhiker's Guide to the Galaxy,D Adams,1979,Borrowed,05-06-2025
The Martian,A Weir,2011,Available,
Percy Jackson & The Olympians: The Lightning Thief,R Riordan,2005,Borrowed,10-02-2025
